{"cameraMode":{"drawMode":0,"name":"Shaded","section":"Shading Mode"},"sceneLighting":false,"audioPlay":false,"sceneViewState":{"m_AlwaysRefresh":false,"showFog":false,"showSkybox":false,"showFlares":false,"showImageEffects":false,"showParticleSystems":false,"showVisualEffectGraphs":true,"m_FxEnabled":true},"in2DMode":false,"pivot":{"x":-0.1096559390425682,"y":2.3504631519317629,"z":0.5443716049194336},"rotation":{"x":0.0009408496553078294,"y":0.988763689994812,"z":-0.1494370549917221,"w":0.006224889308214188},"size":1.1834393739700318,"orthographic":false}