{"cameraMode":{"drawMode":0,"name":"Shaded","section":"Shading Mode"},"sceneLighting":true,"audioPlay":false,"sceneViewState":{"m_AlwaysRefresh":false,"showFog":true,"showSkybox":true,"showFlares":true,"showImageEffects":true,"showParticleSystems":true,"showVisualEffectGraphs":true,"m_FxEnabled":true},"in2DMode":false,"pivot":{"x":-13.966073036193848,"y":6.164226055145264,"z":19.434961318969728},"rotation":{"x":0.1668134331703186,"y":-0.19470815360546113,"z":0.03362448886036873,"w":0.9659906029701233},"size":17.906837463378908,"orthographic":false}